function	description	HC-DS	HC-HD	HC-HX	HC-XY
1CMET2-PWY	N10-formyl-tetrahydrofolate biosynthesis	12187.9371072344	14236.7718805687	13965.6981005991	14078.5085332737
3-HYDROXYPHENYLACETATE-DEGRADATION-PWY	4-hydroxyphenylacetate degradation	1451.93121723841	1245.91137416326	1633.79484444947	1474.14102163547
AEROBACTINSYN-PWY	aerobactin biosynthesis	1.33333333333333E-16	33.800456476813	1.33333333333333E-16	32.6330159255965
ALL-CHORISMATE-PWY	superpathway of chorismate metabolism	0	495.509782705441	0	2563.54592205508
ANAEROFRUCAT-PWY	homolactic fermentation	7764.7037009752	12385.0464629227	5748.96607444257	9811.54544603508
ANAGLYCOLYSIS-PWY	glycolysis III (from glucose)	6423.00949006166	11271.1484949697	4468.91917084868	8480.41859097074
ARG+POLYAMINE-SYN	superpathway of arginine and polyamine biosynthesis	2760.70573154211	4103.59824875147	714.945119980534	2668.44151880226
ARGDEG-PWY	superpathway of L-arginine, putrescine, and 4-aminobutanoate degradation	0	46.6232901879971	0	422.004562141542
ARGORNPROST-PWY	arginine, ornithine and proline interconversion	1594.95270520394	2462.75221114054	107.476158869458	2352.70980718441
ARGSYN-PWY	L-arginine biosynthesis I (via L-ornithine)	11572.7519664129	14002.9028718958	13066.635352455	12967.3761905522
ARGSYNBSUB-PWY	L-arginine biosynthesis II (acetyl cycle)	12935.0438501606	15549.3666069672	14450.8721073832	14399.3489480794
ARO-PWY	chorismate biosynthesis I	11928.5876688717	14116.3534102374	13676.4576212492	13865.8963457
ASPASN-PWY	superpathway of L-aspartate and L-asparagine biosynthesis	11005.4151658078	12499.7951578846	12632.0111216204	12809.4826812733
AST-PWY	L-arginine degradation II (AST pathway)	0	47.5856399105667	2415.75460550279	3173.37979300687
BIOTIN-BIOSYNTHESIS-PWY	biotin biosynthesis I	14991.9008481757	17492.9010338739	17568.107762521	17222.0601098262
BRANCHED-CHAIN-AA-SYN-PWY	superpathway of branched amino acid biosynthesis	13357.2138033034	15626.3640764106	15185.3489366985	15577.9231858151
CALVIN-PWY	Calvin-Benson-Bassham cycle	15335.2083839786	17291.453427082	17035.2325036927	18027.0768020397
CATECHOL-ORTHO-CLEAVAGE-PWY	catechol degradation to &beta;-ketoadipate	86.5035576649417	1474.15027538671	716.642570076106	2041.74880635484
CENTFERM-PWY	pyruvate fermentation to butanoate	833.809937220164	78.4548200902848	134.834906674862	957.146479705969
CHLOROPHYLL-SYN	chlorophyllide a biosynthesis I (aerobic, light-dependent)	0	0	16.0079029771454	0
COA-PWY	coenzyme A biosynthesis I	10533.063065606	12432.4625974147	11951.9937614603	12112.953347506
COBALSYN-PWY	adenosylcobalamin salvage from cobinamide I	10576.6606873549	12370.230159113	11950.7136330414	12046.9736362612
CODH-PWY	reductive acetyl coenzyme A pathway	148.126175850785	0	0.165448274633492	0
COLANSYN-PWY	colanic acid building blocks biosynthesis	2297.13305902577	5135.06433821813	839.603648778925	3666.79108886818
COMPLETE-ARO-PWY	superpathway of aromatic amino acid biosynthesis	12655.1930197339	14910.2197897808	14482.7604154417	14639.4105946357
CRNFORCAT-PWY	creatinine degradation I	0.007868203849038	0.155301908078158	139.420915856283	0.060320672574707
DAPLYSINESYN-PWY	L-lysine biosynthesis I	13991.8340851586	16221.7368439949	15875.03873371	16281.2623486728
DENITRIFICATION-PWY	nitrate reduction I (denitrification)	80.6205304652678	1317.51294532262	0.591821469337576	576.875099563268
DENOVOPURINE2-PWY	superpathway of purine nucleotides de novo biosynthesis II	12578.0608222717	14615.3075487562	14286.7833186963	14304.4951743222
DHGLUCONATE-PYR-CAT-PWY	glucose degradation (oxidative)	0	0	0.049280524904336	0
DTDPRHAMSYN-PWY	dTDP-L-rhamnose biosynthesis I	10336.3293588041	13214.6773124908	11059.6356391181	11568.9396073659
ECASYN-PWY	enterobacterial common antigen biosynthesis	0	39.7178079402763	0	236.44342077258
ENTBACSYN-PWY	enterobactin biosynthesis	6517.86403856295	6894.20750541295	7743.49712360164	7638.7394053925
FAO-PWY	fatty acid &beta;-oxidation I	21757.4006791086	25948.4446992935	26020.3783026891	25210.9674845034
FASYN-ELONG-PWY	fatty acid elongation -- saturated	22779.2724813511	26190.686898856	26476.6273406198	25710.5230816476
FASYN-INITIAL-PWY	superpathway of fatty acid biosynthesis initiation (E. coli)	16854.7871874999	20416.3064822123	19731.0831589301	20215.798460438
FERMENTATION-PWY	mixed acid fermentation	15782.0260506742	18152.9901827577	18062.818814934	17527.2201704011
FOLSYN-PWY	superpathway of tetrahydrofolate biosynthesis and salvage	12536.8178509483	14697.9186913751	14617.767787519	14596.1620109096
FUC-RHAMCAT-PWY	superpathway of fucose and rhamnose degradation	344.635027445999	511.181679951194	3.43511368325531	660.20140860429
FUCCAT-PWY	fucose degradation	389.419622790998	470.951148757137	1.75880900493807	778.566367016804
GALACT-GLUCUROCAT-PWY	superpathway of hexuronide and hexuronate degradation	941.706233585152	1009.31505293165	64.7106351456641	1466.59963861733
GALACTARDEG-PWY	D-galactarate degradation I	146.397056523046	34.8450987661956	0.065124538937601	707.140979332473
GALACTUROCAT-PWY	D-galacturonate degradation I	3237.39047320313	3240.06158721841	2645.52918786549	3723.29310324089
GALLATE-DEGRADATION-I-PWY	gallate degradation II	0	0.115546919300773	113.770868707232	0.12496697463194
GALLATE-DEGRADATION-II-PWY	gallate degradation I	0	0.115546919300773	96.002806733636	0.12496697463194
GLCMANNANAUT-PWY	superpathway of N-acetylglucosamine, N-acetylmannosamine and N-acetylneuraminate degradation	4993.20981549362	5055.76159269331	5214.08748537511	5542.55302453293
GLUCARDEG-PWY	D-glucarate degradation I	177.643423939589	34.9890375104251	0.065125902819482	768.630895403696
GLUCARGALACTSUPER-PWY	superpathway of D-glucarate and D-galactarate degradation	146.397056523046	34.8450987661956	0.065124538937601	707.140979332473
GLUCONEO-PWY	gluconeogenesis I	15289.976635035	17466.8162202551	17140.9472342624	17089.8783415097
GLUCOSE1PMETAB-PWY	glucose and glucose-1-phosphate degradation	10267.2571863223	12824.804540587	11693.0273469624	11614.1288698475
GLUCUROCAT-PWY	superpathway of &beta;-D-glucuronide and D-glucuronate degradation	2434.40632654873	2725.70838732448	1974.43786799109	3175.91679718715
GLUTORN-PWY	L-ornithine biosynthesis	12334.9630608594	15024.0912067128	14074.0012748075	14042.2595812589
GLYCOCAT-PWY	glycogen degradation I (bacterial)	10853.8805443578	13613.5867057014	11959.7477599433	11967.2609570646
GLYCOGENSYNTH-PWY	glycogen biosynthesis I (from ADP-D-Glucose)	12038.6972996825	14193.9314790712	13133.2530892794	12843.9141797398
GLYCOL-GLYOXDEG-PWY	superpathway of glycol metabolism and degradation	208.496156505895	40.8786633036851	11.6571576258111	676.252277926705
GLYCOLYSIS	glycolysis I (from glucose 6-phosphate)	16382.4735669161	18916.6242810294	18144.7378468958	18206.0552211617
GLYCOLYSIS-E-D	superpathway of glycolysis and Entner-Doudoroff	15644.4747693357	18694.6477733849	17566.3506025444	17582.4000804646
GLYCOLYSIS-TCA-GLYOX-BYPASS	superpathway of glycolysis, pyruvate dehydrogenase, TCA, and glyoxylate bypass	4866.23074073305	10376.9341688276	6126.82117782337	11506.4198118579
GLYOXYLATE-BYPASS	glyoxylate cycle	12218.3007448319	14199.586392396	14095.0953336685	13964.5247425385
GOLPDLCAT-PWY	superpathway of glycerol degradation to 1,3-propanediol	250.275684468869	2.276E-12	0.800309378619807	3.26139999999588E-12
HCAMHPDEG-PWY	3-phenylpropanoate and 3-(3-hydroxyphenyl)propanoate degradation to 2-oxopent-4-enoate	0	0.04783395800657	9.01479308695914	121.392223813325
HEME-BIOSYNTHESIS-II	heme biosynthesis I (aerobic)	10415.750193659	12147.5379541548	12322.1030457132	12095.3211729259
HEMESYN2-PWY	heme biosynthesis II (anaerobic)	12667.4287196438	14727.4945593032	14824.1851761016	14576.7148498066
HEXITOLDEGSUPER-PWY	superpathway of hexitol degradation (bacteria)	1721.38252281922	1752.68096595447	780.746934464646	2078.32344706398
HISDEG-PWY	L-histidine degradation I	10555.4667003265	11066.0246375333	12334.8546912979	11761.2198290631
HISTSYN-PWY	L-histidine biosynthesis	10550.0934947505	12538.6956744451	11946.5783286528	11996.1111886626
HOMOSER-METSYN-PWY	L-methionine biosynthesis I	12927.1728467034	13837.3620696405	14294.8868823456	12847.8335976978
HSERMETANA-PWY	L-methionine biosynthesis III	13168.461921114	15246.616447598	15024.7929883473	14663.2177671344
ILEUSYN-PWY	L-isoleucine biosynthesis I (from threonine)	14194.5642538578	16345.7758950918	16105.2149165096	16690.123878305
KDO-NAGLIPASYN-PWY	superpathway of (Kdo)2-lipid A biosynthesis	11347.6904162694	13310.6756030267	13679.314589279	13054.0467256988
KETOGLUCONMET-PWY	ketogluconate metabolism	0	37.2274511832675	0	362.581684375316
LACTOSECAT-PWY	lactose and galactose degradation I	0.52568044364343	1.19999999999999E-15	0.708861821331363	1.8E-15
LEU-DEG2-PWY	L-leucine degradation I	7415.86195299659	9666.3812073991	9231.11330818407	9358.47452570878
LIPASYN-PWY	phospholipases	0	1.16E-13	0	1.66E-13
LPSSYN-PWY	superpathway of lipopolysaccharide biosynthesis	0	10.2936122742085	0	523.367950954057
MET-SAM-PWY	superpathway of S-adenosyl-L-methionine biosynthesis	15717.3916574588	17314.155301065	17594.9543939411	16547.1138509612
METH-ACETATE-PWY	methanogenesis from acetate	74.1976761752091	0	0	28.2884986186659
METHGLYUT-PWY	superpathway of methylglyoxal degradation	0.058125814280835	1.88081656081997	1259.5955516194	2457.35898458933
METHYLGALLATE-DEGRADATION-PWY	methylgallate degradation	0	0.144433575479159	142.138341534714	0.156208624149845
NAD-BIOSYNTHESIS-II	NAD salvage pathway II	8.68387478108042	39.888038144266	571.343272904595	316.305733437983
NADSYN-PWY	NAD biosynthesis II (from tryptophan)	0	24.4893691152823	230.975742238932	242.413659414888
NAGLIPASYN-PWY	lipid IVA biosynthesis	12568.8453940719	14806.8274195339	15163.4668928415	14474.4280202942
NONMEVIPP-PWY	methylerythritol phosphate pathway I	11116.6256478397	12990.6625839902	12568.8053707316	12714.6060694886
NONOXIPENT-PWY	pentose phosphate pathway (non-oxidative branch)	19112.9113241188	21837.782054469	21366.0853558526	21875.9169961195
OANTIGEN-PWY	O-antigen building blocks biosynthesis (E. coli)	10225.6747520024	12475.6466426351	11317.8798331463	11674.3270882831
ORNARGDEG-PWY	superpathway of L-arginine and L-ornithine degradation	0	46.6232901879971	0	422.004562141542
ORNDEG-PWY	superpathway of ornithine degradation	0	111.374001689331	0	2118.18711729084
P101-PWY	ectoine biosynthesis	14138.4737896243	16973.1743797125	16483.0875534477	15189.2978906825
P105-PWY	TCA cycle IV (2-oxoglutarate decarboxylase)	13223.750231916	15015.8170888273	15332.2555659985	15193.9539950943
P108-PWY	pyruvate fermentation to propanoate I	885.337478016888	88.6632972507019	8.37286779827782	53.6982310798698
P122-PWY	heterolactic fermentation	277.017372575927	986.3717407485	26.1231969899554	0.143382279935372
P124-PWY	Bifidobacterium shunt	306.531334073417	1079.57606066843	29.6905702628325	0.163863603206194
P125-PWY	superpathway of (R,R)-butanediol biosynthesis	490.615340376635	715.266175562096	890.288508852093	1837.34846321825
P161-PWY	acetylene degradation	17802.7749896895	21224.0243685536	19595.0702352894	20085.1997905797
P162-PWY	L-glutamate degradation V (via hydroxyglutarate)	123.372321856775	0	0.342837860792399	19.1648653766435
P163-PWY	L-lysine fermentation to acetate and butanoate	58.9181181769978	0	54.337737870755	334.064280550637
P164-PWY	purine nucleobases degradation I (anaerobic)	2772.90535306078	0	729.981303820895	7127.0531753359
P184-PWY	protocatechuate degradation I (meta-cleavage pathway)	0	0	115.875336849374	0
P221-PWY	octane oxidation	1551.12890551958	2472.22067015018	2631.92550664988	4405.14440838663
P23-PWY	reductive TCA cycle I	3559.18734424634	3611.4135986151	870.400158106478	4153.93099148548
P261-PWY	coenzyme M biosynthesis I	0	0	1.58162157935999	0
P281-PWY	3-phenylpropanoate degradation	0	18.629295444097	583.957346395979	374.947933001339
P381-PWY	adenosylcobalamin biosynthesis II (late cobalt incorporation)	0	73.1415950170334	120.203343869461	0
P4-PWY	superpathway of L-lysine, L-threonine and L-methionine biosynthesis I	13219.132194983	15173.7399432905	15143.1636584389	15044.3259002262
P42-PWY	incomplete reductive TCA cycle	3005.10410436484	5087.62086320873	816.047795736274	3368.33384266247
P441-PWY	superpathway of N-acetylneuraminate degradation	7483.71141864089	8065.68104575629	8231.51269138868	8038.85200927069
P461-PWY	hexitol fermentation to lactate, formate, ethanol and acetate	3449.40884189884	3173.68782443157	3392.81380642904	3304.92253412825
P562-PWY	myo-inositol degradation I	3531.86705639211	3449.8795387891	3709.14083580079	3276.95151509473
PANTO-PWY	phosphopantothenate biosynthesis I	11278.0526399923	13225.4723032877	12600.3374888217	12380.6085181723
PANTOSYN-PWY	pantothenate and coenzyme A biosynthesis I	10774.7554359574	12600.0266691854	12174.4618287326	12154.8800493566
PENTOSE-P-PWY	pentose phosphate pathway	15381.9766611585	17815.7162283425	17278.6059436356	17276.4383288122
PEPTIDOGLYCANSYN-PWY	peptidoglycan biosynthesis I (meso-diaminopimelate containing)	11750.2128226822	13714.5133960713	13278.4510618534	13500.3147609823
PHOSLIPSYN-PWY	superpathway of phospholipid biosynthesis I (bacteria)	14771.8906984267	17658.6879368936	16720.2657787182	16819.0567439977
POLYAMINSYN3-PWY	superpathway of polyamine biosynthesis II	982.551416577623	954.905653423845	188.733522163171	737.275927226041
POLYAMSYN-PWY	superpathway of polyamine biosynthesis I	1567.3706979894	2405.32027933681	367.668154335705	1488.97824337583
POLYISOPRENSYN-PWY	polyisoprenoid biosynthesis (E. coli)	10402.9815027024	12841.1744435387	11962.5276319428	12350.2895187816
PPGPPMET-PWY	ppGpp biosynthesis	12232.2994294433	14418.8842844086	13593.6664033607	13157.6835987507
PROTOCATECHUATE-ORTHO-CLEAVAGE-PWY	protocatechuate degradation II (ortho-cleavage pathway)	1166.3499787244	3005.32165205117	2522.82723832885	4387.40076010718
PRPP-PWY	superpathway of histidine, purine, and pyrimidine biosynthesis	12545.3131546026	14598.319740375	14248.0340771169	14281.1688627263
PWY-1269	CMP-3-deoxy-D-manno-octulosonate biosynthesis I	10583.6809998357	12584.6311229868	12800.2007438858	12401.7223802026
PWY-1361	benzoyl-CoA degradation I (aerobic)	0	0	48.3646724744664	0
PWY-1541	superpathway of taurine degradation	1549.12145924665	1592.56827779403	1844.40094053082	1704.95621047227
PWY-1622	formaldehyde assimilation I (serine pathway)	0	22.160051235653	0	1.57E-13
PWY-181	photorespiration	3894.98918693687	5551.45741052552	673.772395508844	2820.70185526067
PWY-1861	formaldehyde assimilation II (RuMP Cycle)	1926.0713870943	930.421767994151	997.338513081001	1784.04372625673
PWY-2941	L-lysine biosynthesis II	1248.01653612092	0	53.7231706644232	0
PWY-2942	L-lysine biosynthesis III	15604.0240272858	17903.8519449515	17696.3001226299	18033.2052212294
PWY-3001	superpathway of L-isoleucine biosynthesis I	14917.8118535005	17170.0986680388	17090.0427087301	17319.9360516611
PWY-3661	glycine betaine degradation I	0	42.2391465975987	0	0
PWY-3781	aerobic respiration I (cytochrome c)	14969.386989379	16108.8209886117	17908.2531331005	21494.1738460066
PWY-3941	&beta;-alanine biosynthesis II	2.84199999999996E-11	0	3.65272499999996E-11	0
PWY-4361	S-methyl-5-thio-&alpha;-D-ribose 1-phosphate degradation	379.774489854583	0	0.893416270098469	0
PWY-4984	urea cycle	9002.8161865185	10042.797458232	10075.5966316631	9657.76129298575
PWY-5005	biotin biosynthesis II	57.8640244801184	0	2.69953651871345	17.4263908581412
PWY-5022	4-aminobutanoate degradation V	6722.53139523927	8597.33788404142	7441.29125345629	8041.15323900238
PWY-5028	L-histidine degradation II	0.326727241606242	67.2822342561729	452.363271682555	168.473642576193
PWY-5088	L-glutamate degradation VIII (to propanoate)	18.0559046972838	0	0	12.2403610930101
PWY-5097	L-lysine biosynthesis VI	14611.0586868136	16812.3517544713	16545.3164723246	16870.321154679
PWY-5100	pyruvate fermentation to acetate and lactate II	10787.9984832217	11607.0327717988	11596.8600915026	11018.4795435912
PWY-5101	L-isoleucine biosynthesis II	15333.1404704822	17680.3741737825	17443.8703951195	17936.9885250966
PWY-5103	L-isoleucine biosynthesis III	13183.9991133013	15332.6749447671	15031.6238507888	15307.8838872409
PWY-5104	L-isoleucine biosynthesis IV	14029.7029231115	15889.9767399498	16009.8657557255	15959.4856634582
PWY-5121	superpathway of geranylgeranyl diphosphate biosynthesis II (via MEP)	3583.87832237034	8384.58415120688	762.917387349812	7052.54098573555
PWY-5154	L-arginine biosynthesis III (via N-acetyl-L-citrulline)	11908.7237443539	13891.7921975636	13496.7108805215	13265.8258043175
PWY-5177	glutaryl-CoA degradation	66.1628728467987	0	0.171469721126126	9.64600796087051
PWY-5178	toluene degradation IV (aerobic) (via catechol)	9.50341357370479	46.2666072655897	79.5788178325368	37.2159728615872
PWY-5179	toluene degradation V (aerobic) (via toluene-cis-diol)	0	0	2.49144291819312	0
PWY-5180	toluene degradation I (aerobic) (via o-cresol)	97.8045317708061	1077.77531854741	143.211498180773	424.966226739943
PWY-5181	toluene degradation III (aerobic) (via p-cresol)	0	90.7889504421879	160.168578766209	1336.05435513887
PWY-5182	toluene degradation II (aerobic) (via 4-methylcatechol)	97.8045317708061	1077.77531854741	143.211498180773	424.966226739943
PWY-5183	superpathway of aerobic toluene degradation	0	1.56960602026952	33.6525448830285	2.24208722504145
PWY-5188	tetrapyrrole biosynthesis I (from glutamate)	11659.4507712778	13827.9139139547	13306.9361492456	12954.8417330016
PWY-5189	tetrapyrrole biosynthesis II (from glycine)	10716.8302469848	12536.4288247299	11830.3685876385	11860.3113087076
PWY-5265	peptidoglycan biosynthesis II (staphylococci)	2.18625023162744	0	69.8955978553278	0
PWY-5266	p-cymene degradation	0	1070.12471492176	0	424.966226739943
PWY-5273	p-cumate degradation	0	1070.12471492176	0	424.966226739943
PWY-5304	superpathway of sulfur oxidation (Acidianus ambivalens)	352.792035401867	1087.94	1.99494247596279	6.73046700207326
PWY-5345	superpathway of L-methionine biosynthesis (by sulfhydrylation)	15955.3594855757	18096.5046593466	18391.4453778811	17734.8492893643
PWY-5347	superpathway of L-methionine biosynthesis (transsulfuration)	16105.3348592497	17405.3455103487	18061.1896868982	16762.6503978158
PWY-5384	sucrose degradation IV (sucrose phosphorylase)	11644.9887003323	13891.4812712889	13027.6697316583	12432.7394088903
PWY-5415	catechol degradation I (meta-cleavage pathway)	77.6488034335409	1013.32563697035	50.2145306311194	396.938924136261
PWY-5417	catechol degradation III (ortho-cleavage pathway)	93.9064032781679	1417.06046813125	733.495385399589	2237.69537034382
PWY-5419	catechol degradation to 2-oxopent-4-enoate II	77.5644410783892	953.30475374671	64.8754612527909	414.071735877175
PWY-5420	catechol degradation II (meta-cleavage pathway)	75.9961004209556	1043.04003047161	55.7397532645348	438.61638839134
PWY-5427	naphthalene degradation (aerobic)	45.1905514122587	892.15202961588	0	346.340440568573
PWY-5430	meta cleavage pathway of aromatic compounds	72.0035449903987	1102.2688895954	53.8790228281773	499.480459395129
PWY-5431	aromatic compounds degradation via &beta;-ketoadipate	93.9064032781679	1417.06046813125	733.495385399589	2237.69537034382
PWY-5484	glycolysis II (from fructose 6-phosphate)	16017.1918302226	18471.2082351178	17472.5472453024	17864.247019543
PWY-5505	L-glutamate and L-glutamine biosynthesis	822.114437146639	1397.93645235367	1128.70827157166	3281.45793548707
PWY-5507	adenosylcobalamin biosynthesis I (early cobalt insertion)	430.882937809186	4.76355654874208	145.421157017684	1172.0539261941
PWY-5509	adenosylcobalamin biosynthesis from cobyrinate a,c-diamide I	10593.1108535867	12381.1090963417	11960.3033511017	11952.1228454132
PWY-5531	chlorophyllide a biosynthesis II (anaerobic)	0	0	95.5822124964216	0
PWY-5532	adenosine nucleotides degradation IV	0.411515325800819	0	0.533372866628341	0
PWY-5647	2-nitrobenzoate degradation I	0	14.9867497692195	27.4859029699844	111.440162391441
PWY-5651	L-tryptophan degradation to 2-amino-3-carboxymuconate semialdehyde	0	15.3943020818335	151.992425803893	155.020790352961
PWY-5654	2-amino-3-carboxymuconate semialdehyde degradation to 2-oxopentenoate	0	17.9184350986998	23.0468395908742	113.830032627635
PWY-5655	L-tryptophan degradation IX	0	0.347320639369008	43.3890679540389	152.531140281492
PWY-5659	GDP-mannose biosynthesis	11348.1925081029	13205.707090224	13444.3617272536	13670.4957009118
PWY-5667	CDP-diacylglycerol biosynthesis I	14062.6393372364	16977.3404137415	15888.5772494504	16082.808012771
PWY-5676	acetyl-CoA fermentation to butanoate II	3005.42814416069	3869.40179652449	1759.00852649221	3523.39009362841
PWY-5677	succinate fermentation to butanoate	19.6840438622816	0	0.149225928596555	11.6151076301728
PWY-5686	UMP biosynthesis	12230.78107293	14604.9948494453	13984.6700085752	14382.2069039412
PWY-5695	urate biosynthesis/inosine 5'-phosphate degradation	22217.1271972478	24429.9434199236	25140.063574591	23489.1419937565
PWY-5705	allantoin degradation to glyoxylate III	153.767207308247	1859.0140159431	933.598595764055	1910.78281475093
PWY-5737	(5R)-carbapenem carboxylate biosynthesis	0	8.03754418486439E-06	0.095141400429949	1.15174309538843E-05
PWY-5747	2-methylcitrate cycle II	11655.9828021242	13344.9191333389	13809.1872549211	13004.4112822382
PWY-5823	superpathway of CDP-glucose-derived O-antigen building blocks biosynthesis	1.52E-14	5.77915999999075E-11	1.8E-14	1.56E-14
PWY-5837	1,4-dihydroxy-2-naphthoate biosynthesis I	10426.4315010614	10912.4874704548	11797.8993222502	10341.745799412
PWY-5838	superpathway of menaquinol-8 biosynthesis I	10149.4458381223	11493.777528498	11717.2117813359	10851.8811546287
PWY-5840	superpathway of menaquinol-7 biosynthesis	6088.95610191319	6408.10425134294	1106.91265481154	5470.32454325595
PWY-5845	superpathway of menaquinol-9 biosynthesis	0	233.71538651678	0	1326.24853582926
PWY-5850	superpathway of menaquinol-6 biosynthesis I	0	233.71538651678	0	1326.24853582926
PWY-5855	ubiquinol-7 biosynthesis (prokaryotic)	11043.3595071193	13832.0789359839	13300.7518508067	13066.1178479849
PWY-5856	ubiquinol-9 biosynthesis (prokaryotic)	11043.3595071193	13832.0789359839	13300.7518508067	13066.1178479849
PWY-5857	ubiquinol-10 biosynthesis (prokaryotic)	11043.3595071193	13832.0789359839	13300.7518508067	13066.1178479849
PWY-5860	superpathway of demethylmenaquinol-6 biosynthesis I	0	156.849869882977	0	919.236664540918
PWY-5861	superpathway of demethylmenaquinol-8 biosynthesis	10184.9487835004	11368.0264166761	11563.5533547445	10518.0913561021
PWY-5862	superpathway of demethylmenaquinol-9 biosynthesis	0	156.849869882977	0	919.236664540918
PWY-5863	superpathway of phylloquinol biosynthesis	2835.24054865953	6828.12971550138	563.403758623345	5611.71943061043
PWY-5896	superpathway of menaquinol-10 biosynthesis	0	233.71538651678	0	1326.24853582926
PWY-5897	superpathway of menaquinol-11 biosynthesis	10189.9206546612	11457.7848140015	11714.0822108474	10801.2379439818
PWY-5898	superpathway of menaquinol-12 biosynthesis	10189.9206546612	11457.7848140015	11714.0822108474	10801.2379439818
PWY-5899	superpathway of menaquinol-13 biosynthesis	10189.9206546612	11457.7848140015	11714.0822108474	10801.2379439818
PWY-5910	superpathway of geranylgeranyldiphosphate biosynthesis I (via mevalonate)	9.39532170997256	0	56.5383141229528	441.710147662078
PWY-5913	TCA cycle VI (obligate autotrophs)	11404.6119240471	13116.8515221687	13698.0415683351	13257.1290734466
PWY-5918	superpathay of heme biosynthesis from glutamate	11102.0292464134	13014.3769678876	12662.7324125155	12530.5043371032
PWY-5920	superpathway of heme biosynthesis from glycine	1186.74928759918	1284.32940221229	20.4120630105419	555.769192955993
PWY-5941	glycogen degradation II (eukaryotic)	0	7.08E-14	0.146094060569113	1.016E-13
PWY-5971	palmitate biosynthesis II (bacteria and plants)	20754.1887523054	23999.7662914237	23799.4722744	23237.0066247816
PWY-5973	cis-vaccenate biosynthesis	22641.2061262525	25795.6618268679	25808.6070422762	24594.9907285328
PWY-5989	stearate biosynthesis II (bacteria and plants)	22548.5893296013	26047.4579510909	26384.8843876253	25636.7860189367
PWY-6071	superpathway of phenylethylamine degradation	0	19.9399985306	198.37313270253	1154.27995429567
PWY-6107	chlorosalicylate degradation	0	4.63949999999999E-12	194.95583089271	0.26459918819374
PWY-6121	5-aminoimidazole ribonucleotide biosynthesis I	14074.7857675533	15867.5749463183	15650.4508556105	15467.3546514758
PWY-6122	5-aminoimidazole ribonucleotide biosynthesis II	12998.5271010534	14551.6655084561	14335.4840119997	14170.9733151085
PWY-6123	inosine-5'-phosphate biosynthesis I	10948.2216298584	12750.2153874042	12498.4077005179	12463.1433415754
PWY-6125	superpathway of guanosine nucleotides de novo biosynthesis II	13278.8302665879	15432.8822863299	15353.1894815481	15393.9120328405
PWY-6126	superpathway of adenosine nucleotides de novo biosynthesis II	14294.0360975394	16802.2490098847	16249.2521720685	16234.2297930257
PWY-6147	6-hydroxymethyl-dihydropterin diphosphate biosynthesis I	12149.6833622713	14331.1814944522	14274.0676442562	14123.1597826302
PWY-6151	S-adenosyl-L-methionine cycle I	12060.3356142481	13167.2645988724	14118.6981498691	14409.4302260709
PWY-6163	chorismate biosynthesis from 3-dehydroquinate	10842.3319586059	12813.0505358727	12464.6907413654	12684.6599972367
PWY-6182	superpathway of salicylate degradation	92.1495093590787	1445.65168259984	549.315932811738	1523.12766351212
PWY-6185	4-methylcatechol degradation (ortho cleavage)	0	57.5218254419881	104.255429814978	1031.73284910892
PWY-621	sucrose degradation III (sucrose invertase)	12395.4815914158	14638.9415823182	12930.1363238627	12465.6774791067
PWY-6210	2-aminophenol degradation	0	0.116880814477173	23.0468395908742	113.830032627635
PWY-6263	superpathway of menaquinol-8 biosynthesis II	70.5015926573531	0	3.41371459440527	20.8153162025967
PWY-6269	adenosylcobalamin salvage from cobinamide II	10585.4947984297	12377.5719508243	11959.524756112	11978.802039929
PWY-6277	superpathway of 5-aminoimidazole ribonucleotide biosynthesis	12998.5271010534	14551.6655084561	14335.4840119997	14170.9733151085
PWY-6282	palmitoleate biosynthesis I (from (5Z)-dodec-5-enoate)	22132.1314272439	25431.698076515	25862.4816095979	25184.3043355454
PWY-6317	galactose degradation I (Leloir pathway)	17292.6597394181	19044.4719036795	19420.7369795782	17940.6302032186
PWY-6339	syringate degradation	0	0.231093367259957	0	0.249933346766221
PWY-6353	purine nucleotides degradation II (aerobic)	8263.95816835458	16042.0158178301	9424.6260860674	16049.2509926677
PWY-6383	mono-trans, poly-cis decaprenyl phosphate biosynthesis	0	0	3.66772310681764	0
PWY-6385	peptidoglycan biosynthesis III (mycobacteria)	11776.8526359561	13791.2212473819	13360.4763854238	13545.9198538154
PWY-6386	UDP-N-acetylmuramoyl-pentapeptide biosynthesis II (lysine-containing)	11277.600017707	13194.1871403254	12758.3035180846	12982.2104436267
PWY-6387	UDP-N-acetylmuramoyl-pentapeptide biosynthesis I (meso-diaminopimelate containing)	11845.2351980952	13796.2747284528	13391.3887481091	13673.6791371619
PWY-6396	superpathway of 2,3-butanediol biosynthesis	1024.92304384551	1384.03462730318	1721.87407654958	2739.67302761282
PWY-6397	mycolyl-arabinogalactan-peptidoglycan complex biosynthesis	0	0	2.89026667647098	0
PWY-6467	Kdo transfer to lipid IVA III (Chlamydia)	10587.3910811745	12585.2504283457	12794.0738313493	12374.1499046283
PWY-6470	peptidoglycan biosynthesis V (&beta;-lactam resistance)	0.466910104033923	0	27.2566969903712	0
PWY-6471	peptidoglycan biosynthesis IV (Enterococcus faecium)	34.7352345774643	0	54.175889434702	0
PWY-6478	GDP-D-glycero-&alpha;-D-manno-heptose biosynthesis	1433.26715960675	1283.50071490832	1447.72356655999	1976.23811143122
PWY-6505	L-tryptophan degradation XII (Geobacillus)	0	0.347320639369008	40.7347262648944	152.531140281492
PWY-6507	4-deoxy-L-threo-hex-4-enopyranuronate degradation	11925.3651248026	13298.3555821236	13519.0758473839	12249.0615116199
PWY-6519	8-amino-7-oxononanoate biosynthesis I	17016.1096729601	19835.9316588599	20025.5671373863	19538.616990403
PWY-6545	pyrimidine deoxyribonucleotides de novo biosynthesis III	302.364567637256	684.174894766803	92.0106473269556	812.043770536388
PWY-6562	norspermidine biosynthesis	12952.7321471965	14523.869404143	14897.2173367007	13136.8003894724
PWY-6565	superpathway of polyamine biosynthesis III	14605.0487250896	16148.4222634105	16856.1630003432	14863.5351281705
PWY-6572	chondroitin sulfate degradation I (bacterial)	5328.85812165385	7101.57404480576	3754.27885884236	5750.73957185689
PWY-6588	pyruvate fermentation to acetone	3260.10187084207	3323.22006262052	2508.98162630657	3072.65350076062
PWY-6590	superpathway of Clostridium acetobutylicum acidogenic fermentation	1055.48947980745	100.74385033031	172.962973907207	1211.57392460739
PWY-6608	guanosine nucleotides degradation III	5357.51288123531	12160.4371990068	6110.29937025897	12329.1842373058
PWY-6609	adenine and adenosine salvage III	20436.7483768276	21779.7727215751	22658.9949335918	20923.6259236531
PWY-6612	superpathway of tetrahydrofolate biosynthesis	11909.2727831386	13952.3635038853	13971.4284551193	13923.2873515103
PWY-6628	superpathway of L-phenylalanine biosynthesis	12871.7839676385	15278.6780836915	14821.6514249912	14894.6425317764
PWY-6629	superpathway of L-tryptophan biosynthesis	0	2.15902799999997E-10	0	1070.76817279753
PWY-6630	superpathway of L-tyrosine biosynthesis	12269.0084025743	14410.4118831846	14072.1173895149	14112.9181789597
PWY-6641	superpathway of sulfolactate degradation	14.8206918177855	0.267463977842855	283.115725388126	10.1142696760151
PWY-6690	cinnamate and 3-hydroxycinnamate degradation to 2-oxopent-4-enoate	0	0.04783395800657	9.01479308695914	121.392223813325
PWY-6700	queuosine biosynthesis	10975.4947329488	12765.4782747824	12574.6369517822	12532.4076761067
PWY-6703	preQ0 biosynthesis	10549.594246201	12372.525987356	12276.4321148088	12061.2399521524
PWY-6708	ubiquinol-8 biosynthesis (prokaryotic)	11043.3595071193	13832.0789359839	13300.7518508067	13066.1178479849
PWY-6731	starch degradation III	8548.51785957495	9960.74051298624	9748.00367791477	9060.72590313874
PWY-6737	starch degradation V	15123.1343819942	17358.7079469646	16910.8734220593	16219.9044333367
PWY-6749	CMP-legionaminate biosynthesis I	149.871671604146	35.8637763371193	51.7437792849154	384.691544794784
PWY-6876	isopropanol biosynthesis	1666.00860579339	1524.42580507755	1745.10346680479	1413.66829652714
PWY-6891	thiazole biosynthesis II (Bacillus)	10685.8841279348	11974.8540860594	12582.3011818613	11627.0144764402
PWY-6892	thiazole biosynthesis I (E. coli)	11608.0212762094	13329.5936889691	13632.5419961153	12970.2969840004
PWY-6895	superpathway of thiamin diphosphate biosynthesis II	10872.1169789369	12663.9977841066	12755.8417002814	12315.6762687743
PWY-6897	thiamin salvage II	10829.9172157622	12769.0861065444	12719.150269017	12424.6020070747
PWY-6901	superpathway of glucose and xylose degradation	11913.5514696968	13424.6679580164	12681.7703297293	12842.0419556415
PWY-6906	chitin derivatives degradation	11978.3139337932	13005.5662328188	13674.1873551055	12071.4672467599
PWY-6944	androstenedione degradation	0	0	0.559017615929474	0
PWY-6956	naphthalene degradation to acetyl-CoA	56.5890423128939	978.190503255935	0	384.96292522658
PWY-6969	TCA cycle V (2-oxoglutarate:ferredoxin oxidoreductase)	13223.750231916	15015.8170888273	15332.2555659985	15193.9539950943
PWY-6992	1,5-anhydrofructose degradation	0	14.9946086149515	0	0
PWY-7003	glycerol degradation to butanol	810.657817950459	2293.25772269554	0.325685111358991	3.87656356868102
PWY-7007	methyl ketone biosynthesis	0	0.000490150764	3.56587733594152	0.000702363486927
PWY-7013	L-1,2-propanediol degradation	123.837045205767	3.92413599999998E-10	11.2433607038981	613.260214297154
PWY-7090	UDP-2,3-diacetamido-2,3-dideoxy-&alpha;-D-mannuronate biosynthesis	865.314837506988	22.2892278687848	54.1622034379976	402.534459639773
PWY-7094	fatty acid salvage	3120.79957429257	9149.8526050157	5278.67023858776	9926.87651445827
PWY-7111	pyruvate fermentation to isobutanol (engineered)	20728.934567678	23883.4874325745	24048.2630090289	25932.7445597185
PWY-7159	chlorophyllide a biosynthesis III (aerobic, light independent)	0	0	95.5822124964216	0
PWY-7184	pyrimidine deoxyribonucleotides de novo biosynthesis I	2006.46113242715	5896.18867795354	3051.13079294549	6657.13981778715
PWY-7187	pyrimidine deoxyribonucleotides de novo biosynthesis II	2132.46772502198	5892.9960923051	3187.54293983457	6481.66593727517
PWY-7196	superpathway of pyrimidine ribonucleosides salvage	11662.0966971381	13413.3408712008	12999.6545533777	12653.5889710305
PWY-7197	pyrimidine deoxyribonucleotide phosphorylation	10374.6789779312	12122.9212588777	11933.8797225379	11858.669274732
PWY-7198	pyrimidine deoxyribonucleotides de novo biosynthesis IV	252.241228329117	0	72.5102788946242	659.966167508661
PWY-7199	pyrimidine deoxyribonucleosides salvage	10539.3886834683	11300.156035774	11660.4192328154	10636.863455419
PWY-7200	superpathway of pyrimidine deoxyribonucleoside salvage	10435.4648935191	11754.61153815	11805.7380972982	11283.1043729237
PWY-7208	superpathway of pyrimidine nucleobases salvage	13026.0975492385	15649.3866290409	14415.8310712476	14914.0404335921
PWY-7210	pyrimidine deoxyribonucleotides biosynthesis from CTP	357.240556434529	0	103.364097511236	924.651240435114
PWY-7211	superpathway of pyrimidine deoxyribonucleotides de novo biosynthesis	3461.40870031516	8446.7948079998	5035.85516568647	9152.5703689922
PWY-7219	adenosine ribonucleotides de novo biosynthesis	15593.4647147636	17989.5783494331	17815.3316222363	17887.4856983702
PWY-722	nicotinate degradation I	0	23.0086953543384	0	123.881472750873
PWY-7220	adenosine deoxyribonucleotides de novo biosynthesis II	13275.5721673091	16145.8374834817	14990.4900984834	14980.6225052811
PWY-7221	guanosine ribonucleotides de novo biosynthesis	13537.45737301	15587.4920426295	15778.7902298732	16305.430727426
PWY-7222	guanosine deoxyribonucleotides de novo biosynthesis II	13275.5721673091	16145.8374834817	14990.4900984834	14980.6225052811
PWY-7228	superpathway of guanosine nucleotides de novo biosynthesis I	13879.5697628357	15973.5380127829	16127.1765173214	16221.3153589231
PWY-7229	superpathway of adenosine nucleotides de novo biosynthesis I	15210.756777057	17893.367780002	17296.0239107224	17323.7087033871
PWY-7234	inosine-5'-phosphate biosynthesis III	10811.8438951319	12608.2127717571	12341.2737900402	12330.4456943005
PWY-7237	myo-, chiro- and scillo-inositol degradation	4462.63788690394	4346.0453043884	4730.14405914569	4332.36208911918
PWY-7242	D-fructuronate degradation	5247.56372063721	5152.99168035138	4040.59810424582	6557.0517426054
PWY-7254	TCA cycle VII (acetate-producers)	1105.24359204364	3416.87657384912	1572.21141476609	4860.8704158888
PWY-7255	ergothioneine biosynthesis I (bacteria)	0	0	3.77958693144498	0
PWY-7295	L-arabinose degradation IV	0	0	120.004677871177	26.4602088169798
PWY-7315	dTDP-N-acetylthomosamine biosynthesis	11.2095399886035	43.2954179871674	5.49333589986237	385.944316837235
PWY-7323	superpathway of GDP-mannose-derived O-antigen building blocks biosynthesis	1480.67202794544	3524.96538717924	515.191698147753	2437.7804617194
PWY-7328	superpathway of UDP-glucose-derived O-antigen building blocks biosynthesis	4525.68041536617	7455.50895905542	4097.77048224218	6396.75971866976
PWY-7332	superpathway of UDP-N-acetylglucosamine-derived O-antigen building blocks biosynthesis	6573.22685755248	6072.31065718971	6395.60021801946	6327.52797253261
PWY-7347	sucrose biosynthesis III	1.64003099035312	0	1.20445656828522	0.460911754747085
PWY-7371	1,4-dihydroxy-6-naphthoate biosynthesis II	26.8849043957277	0	1.27471275899352	7.80830239073668
PWY-7374	1,4-dihydroxy-6-naphthoate biosynthesis I	0.048837992109976	0	0.800521791987721	2.89717499999355E-11
PWY-7376	cob(II)yrinate a,c-diamide biosynthesis II (late cobalt incorporation)	0	54.0356090855863	101.966296963382	0
PWY-7377	cob(II)yrinate a,c-diamide biosynthesis I (early cobalt insertion)	747.314688564206	3.47360376811776	130.110300383846	991.077946282414
PWY-7391	isoprene biosynthesis II (engineered)	6.01335362560559	0	20.2104141229925	0
PWY-7392	taxadiene biosynthesis (engineered)	1786.65347848968	4804.07308521108	166.223706407332	3410.13354718547
PWY-7400	L-arginine biosynthesis IV (archaebacteria)	11491.7603621512	13878.7498054818	12981.6446481606	12890.953295943
PWY-7431	aromatic biogenic amine degradation (bacteria)	2171.87631916155	3302.24985886392	1356.12553034064	1686.52817074171
PWY-7446	sulfoglycolysis	0	1.37646156858597E-10	0	96.0000000002109
PWY-7456	mannan degradation	713.550994972654	2248.31209650704	84.2149563325684	696.896101921798
PWY-7527	L-methionine salvage cycle III	178.712289255539	0	0.169108466474763	0
PWY-7539	6-hydroxymethyl-dihydropterin diphosphate biosynthesis III (Chlamydia)	13760.5805140921	15985.4692577065	16217.1418582861	15926.9327357469
PWY-7560	methylerythritol phosphate pathway II	11116.6256478397	12990.6625839902	12568.8053707316	12714.6060694886
PWY-7616	methanol oxidation to carbon dioxide	0	0	1.72155462553983	0
PWY-7644	heparin degradation	0	1.34904885536598E-07	0	0
PWY-7663	gondoate biosynthesis (anaerobic)	23619.4631576393	27509.479183125	27005.7153401288	26002.7227912875
PWY-7664	oleate biosynthesis IV (anaerobic)	22171.1030676309	25560.0163810169	25832.5268834082	25116.4198372528
PWY-841	superpathway of purine nucleotides de novo biosynthesis I	13240.5629181383	15294.5903778909	15154.4132829719	15154.3936133909
PWY-922	mevalonate pathway I	6.58485743335952	0	41.2111072412946	317.384883783127
PWY0-1061	superpathway of L-alanine biosynthesis	16003.6235113852	18613.0551477077	18808.085020428	18149.842180921
PWY0-1241	ADP-L-glycero-&beta;-D-manno-heptose biosynthesis	12456.6906673977	14587.1546153786	14419.4547741324	13479.4758602204
PWY0-1261	anhydromuropeptides recycling	14982.0560139989	17137.2610699793	14724.8876901072	15498.5001659452
PWY0-1277	3-phenylpropanoate and 3-(3-hydroxyphenyl)propanoate degradation	0	0.191312814604604	25.1508101645349	275.162320389345
PWY0-1296	purine ribonucleosides degradation	16441.5681376031	17116.339076874	18151.4756446722	16639.3191046921
PWY0-1297	superpathway of purine deoxyribonucleosides degradation	16878.8073679622	18397.6732894558	18755.9571802091	17433.2615723223
PWY0-1298	superpathway of pyrimidine deoxyribonucleosides degradation	13579.8339322749	14660.1792145325	14985.8983939458	14014.1879941003
PWY0-1319	CDP-diacylglycerol biosynthesis II	14062.6393372364	16977.3404137415	15888.5772494504	16082.808012771
PWY0-1338	polymyxin resistance	0	24.7409931793626	0	126.378843953854
PWY0-1415	superpathway of heme biosynthesis from uroporphyrinogen-III	11591.0270804759	13096.8774364634	13620.2708146639	12819.3391182546
PWY0-1479	tRNA processing	10904.8342169384	12659.1403750512	12601.6760595291	12374.0125769273
PWY0-1533	methylphosphonate degradation I	1161.23716345651	1169.63186554152	1239.81666738591	1398.80402969807
PWY0-1586	peptidoglycan maturation (meso-diaminopimelate containing)	19759.5493760619	21542.8328328579	22499.0365244064	20980.3925641905
PWY0-162	superpathway of pyrimidine ribonucleotides de novo biosynthesis	12636.1151237857	14983.2814438652	14410.6949400431	14682.129871974
PWY0-166	superpathway of pyrimidine deoxyribonucleotides de novo biosynthesis (E. coli)	2159.46002450742	6064.76367136838	3249.72989802641	6745.94445817039
PWY0-321	phenylacetate degradation I (aerobic)	0	35.4884389069269	172.034157132083	1142.30841587736
PWY0-41	allantoin degradation IV (anaerobic)	23.8039359757743	15.3219966422523	0	460.615316597013
PWY0-42	2-methylcitrate cycle I	10982.3135741773	12791.9294767868	13169.9844774356	12512.9784350189
PWY0-781	aspartate superpathway	12928.8763358285	14749.9872387274	14690.281188538	14586.874269937
PWY0-845	superpathway of pyridoxal 5'-phosphate biosynthesis and salvage	2802.24881438913	2908.96120422191	2034.23481931398	2798.23596090966
PWY0-862	(5Z)-dodec-5-enoate biosynthesis	21408.9896057809	24764.8995477038	25020.9431073735	24365.7155131949
PWY1G-0	mycothiol biosynthesis	0	0	4.22627587281382	0
PWY490-3	nitrate reduction VI (assimilatory)	464.649370838311	411.065140902001	19.8876589362992	4.58646585878928
PWY4FS-7	phosphatidylglycerol biosynthesis I (plastidic)	15547.3780607661	18592.8106306547	17741.2419004842	17624.783442027
PWY4FS-8	phosphatidylglycerol biosynthesis II (non-plastidic)	15547.3780607661	18592.8106306547	17741.2419004842	17624.783442027
PWY5F9-12	biphenyl degradation	0	0	1.32183919653361	0
PWYG-321	mycolate biosynthesis	20661.8960304598	25858.3913395555	26155.7686268733	25698.9179600433
PYRIDNUCSAL-PWY	NAD salvage pathway I	9799.79280364461	11297.6016325167	11600.1184503395	11403.1575389896
PYRIDNUCSYN-PWY	NAD biosynthesis I (from aspartate)	10641.0844290445	12333.7831808993	12000.6844760232	11635.3341295084
PYRIDOXSYN-PWY	pyridoxal 5'-phosphate biosynthesis I	10156.7089552105	12206.1761774772	12194.8918231207	11947.5901556004
REDCITCYC	TCA cycle VIII (helicobacter)	1124.7499927935	3306.95931503421	1420.02282046776	4260.22565526782
RHAMCAT-PWY	L-rhamnose degradation I	292.049397155403	464.816032346341	11.8649665270064	558.145260851342
RIBOSYN2-PWY	flavin biosynthesis I (bacteria and plants)	13358.1211676867	15297.4868159616	15125.0260977462	14984.7872857669
RUMP-PWY	formaldehyde oxidation I	1466.13387491342	702.894623678123	754.171205303406	1349.90954901549
SALVADEHYPOX-PWY	adenosine nucleotides degradation II	6300.51240758597	13500.5500859668	7207.81757416203	13642.4666756835
SER-GLYSYN-PWY	superpathway of L-serine and glycine biosynthesis I	14707.0539239418	18020.5046213372	17140.0045527408	17752.6655891853
SO4ASSIM-PWY	sulfate reduction I (assimilatory)	16547.7270285656	19453.8015023333	18928.1284312634	18181.7539261705
SUCSYN-PWY	sucrose biosynthesis I (from photosynthesis)	5.46530351080558	0	4.01415307446242	1.53626964734649
SULFATE-CYS-PWY	superpathway of sulfate assimilation and cysteine biosynthesis	15349.0492890512	18830.568202814	17791.8804333511	17927.4377750618
TCA	TCA cycle I (prokaryotic)	13449.337414478	15528.0933684263	15687.6289900335	15835.3233643742
TCA-GLYOX-BYPASS	superpathway of glyoxylate bypass and TCA	13151.6187544908	14968.8714205727	15396.9204687584	15183.7803520538
TEICHOICACID-PWY	teichoic acid (poly-glycerol) biosynthesis	774.621485950533	1532.8062882721	325.859661863023	1.75035999999999E-11
THISYN-PWY	superpathway of thiamin diphosphate biosynthesis I	11037.2381504371	12941.9103893227	12945.0369391345	12591.9440704645
THREOCAT-PWY	superpathway of L-threonine metabolism	0	0.710142527593885	0	761.643746908306
THRESYN-PWY	superpathway of L-threonine biosynthesis	15690.3494713957	17771.8274041296	18116.6037132107	17953.9125935826
TRNA-CHARGING-PWY	tRNA charging	12949.6864759502	15124.3063975736	14664.446892524	14588.662910774
TRPSYN-PWY	L-tryptophan biosynthesis	11957.9377466715	14061.4767900124	13610.4749949352	13513.5962832766
TYRFUMCAT-PWY	L-tyrosine degradation I	10128.6893315856	12543.6826383722	12415.2337709507	12108.7186365752
UBISYN-PWY	superpathway of ubiquinol-8 biosynthesis (prokaryotic)	10884.6851201252	13406.814318628	13071.9491475096	12757.1180736554
UDPNAGSYN-PWY	UDP-N-acetyl-D-glucosamine biosynthesis I	11032.0711788568	12744.112274564	12681.4432231293	12829.6517746947
VALDEG-PWY	L-valine degradation I	3.41039999999999E-11	0	4.38326999999999E-11	0
VALSYN-PWY	L-valine biosynthesis	14194.5642538578	16345.7758950918	16105.2149165096	16690.123878305
